Date,Adj Close,Close,High,Low,Open,Volume
2023-05-08,79.11909484863281,83.30999755859375,83.69999694824219,82.33999633789062,83.62999725341797,17392900
2023-05-09,78.08392333984375,82.22000122070312,82.66000366210938,80.1500015258789,80.54499816894531,13457400
2023-05-10,78.7771987915039,82.94999694824219,84.5,81.7699966430664,82.13999938964844,16868100
2023-05-11,83.46869659423828,87.88999938964844,88.4800033569336,84.81999969482422,85.43000030517578,28104200
2023-05-12,81.04696655273438,85.33999633789062,86.70999908447266,84.76000213623047,86.70999908447266,19042800
2023-05-15,83.89605712890625,88.33999633789062,88.4000015258789,85.83300018310547,87.12999725341797,23691200
2023-05-16,84.29492950439453,88.76000213623047,89.37000274658203,87.05999755859375,87.11000061035156,18177900
2023-05-17,86.11833953857422,90.68000030517578,91.43000030517578,88.01000213623047,88.45999908447266,27670700
2023-05-18,81.45533752441406,85.7699966430664,91.0,85.0,90.80999755859375,60258600
2023-05-19,79.75538635253906,83.9800033569336,85.19999694824219,83.4800033569336,83.8499984741211,21571800
2023-05-22,81.76873779296875,86.0999984741211,87.4800033569336,85.6500015258789,85.66999816894531,16951300
2023-05-23,78.71072387695312,82.87999725341797,84.9749984741211,82.69999694824219,84.16000366210938,19917800
2023-05-24,77.1247329711914,81.20999908447266,82.5999984741211,80.87999725341797,82.16500091552734,17045800
2023-05-25,74.81697845458984,78.77999877929688,80.70999908447266,78.12000274658203,80.58999633789062,21811600
2023-05-26,76.89680480957031,80.97000122070312,81.56600189208984,78.4000015258789,79.9000015258789,16399200
2023-05-30,74.7125015258789,78.66999816894531,80.69999694824219,78.16999816894531,80.12000274658203,21209600
2023-05-31,75.5482406616211,79.55000305175781,79.66500091552734,77.7699966430664,79.58000183105469,16206300
2023-06-01,78.8246841430664,83.0,84.0,79.3499984741211,79.3499984741211,23217600
2023-06-02,80.03079986572266,84.2699966430664,86.02999877929688,84.13999938964844,85.08000183105469,17616100
2023-06-05,80.15425872802734,84.4000015258789,84.56999969482422,83.23999786376953,83.98999786376953,8204000
2023-06-06,82.33855438232422,86.69999694824219,87.05999755859375,83.37000274658203,83.5,18452000
2023-06-07,80.989990234375,85.27999877929688,86.94999694824219,85.08999633789062,85.72000122070312,12886700
2023-06-08,81.80673217773438,86.13999938964844,86.94999694824219,85.16999816894531,85.16999816894531,11281000
2023-06-09,81.19892120361328,85.5,86.83799743652344,85.06500244140625,86.05999755859375,12903400
2023-06-12,81.54081726074219,85.86000061035156,87.29000091552734,85.62999725341797,86.01000213623047,11559000
2023-06-13,83.10781860351562,87.51000213623047,89.22000122070312,87.25,87.95999908447266,16814100
2023-06-14,84.86474609375,89.36000061035156,90.12000274658203,87.70999908447266,87.97000122070312,21519300
2023-06-15,87.56188201904297,92.19999694824219,92.7699966430664,90.5999984741211,91.45999908447266,26570500
2023-06-16,87.46691131591797,92.0999984741211,94.29000091552734,91.5199966430664,94.0,25087700
2023-06-20,83.50668334960938,87.93000030517578,90.19999694824219,87.31999969482422,89.83000183105469,23382900
2023-06-21,82.405029296875,86.7699966430664,89.16000366210938,86.62000274658203,87.37999725341797,15159900
2023-06-22,82.51899719238281,86.88999938964844,87.31500244140625,85.31999969482422,86.77999877929688,10272700
2023-06-23,80.64810180664062,84.91999816894531,85.93800354003906,84.37000274658203,85.80999755859375,14907100
2023-06-26,81.1704330444336,85.47000122070312,86.70999908447266,85.20999908447266,85.31999969482422,10808700
2023-06-27,82.74691772460938,87.12999725341797,87.61499786376953,86.71499633789062,86.81999969482422,13994500
2023-06-28,80.3346939086914,84.58999633789062,85.75,84.37999725341797,85.75,14113800
2023-06-29,79.3470230102539,83.55000305175781,83.98999786376953,83.0,83.38999938964844,13362500
2023-06-30,79.1570816040039,83.3499984741211,84.2300033569336,83.01000213623047,83.2300033569336,12174300
2023-07-03,79.84085845947266,84.06999969482422,85.63500213623047,84.0,84.87000274658203,11514400
2023-07-05,80.05928802490234,84.30000305175781,84.69000244140625,82.81999969482422,83.9800033569336,11203900
2023-07-06,79.62242889404297,83.83999633789062,83.94999694824219,82.63999938964844,83.12000274658203,12930300
2023-07-07,85.99488830566406,90.55000305175781,91.56999969482422,86.62999725341797,86.76000213623047,46992100
2023-07-10,86.00437927246094,90.55999755859375,92.04000091552734,89.5999984741211,90.05000305175781,25401800
2023-07-11,87.1725082397461,91.79000091552734,92.31999969482422,89.01000213623047,91.0199966430664,20768800
2023-07-12,89.27133178710938,94.0,95.02999877929688,92.55000305175781,94.11000061035156,24161400
2023-07-13,91.75003051757812,96.61000061035156,97.00499725341797,94.5999984741211,95.02999877929688,24021400
2023-07-14,89.80315399169922,94.55999755859375,96.08999633789062,94.23999786376953,95.22000122070312,18897100
2023-07-17,88.71101379394531,93.41000366210938,93.55000305175781,91.04000091552734,92.25,17317300
2023-07-18,86.6121826171875,91.19999694824219,92.20999908447266,90.1500015258789,91.54000091552734,20221900
2023-07-19,87.45741271972656,92.08999633789062,94.70999908447266,92.08999633789062,93.56999969482422,17228100
2023-07-20,87.27696990966797,91.9000015258789,93.12000274658203,91.3499984741211,91.69000244140625,14753000
2023-07-21,87.53338623046875,92.16999816894531,93.2300033569336,91.54000091552734,92.88999938964844,13899100
2023-07-24,91.50311279296875,96.3499984741211,97.46900177001953,91.30000305175781,92.06999969482422,33376100
2023-07-25,90.20203399658203,94.9800033569336,98.48999786376953,94.61000061035156,98.16999816894531,25827300
2023-07-26,92.25337982177734,97.13999938964844,97.54499816894531,94.83999633789062,94.94999694824219,15833400
2023-07-27,90.6388931274414,95.44000244140625,97.98999786376953,95.16100311279297,97.75,18685500
2023-07-28,95.49183654785156,100.55000305175781,101.22000122070312,97.95999908447266,98.06999969482422,31956500
2023-07-31,97.02083587646484,102.16000366210938,102.5,99.72000122070312,99.79000091552734,17726500
2023-08-01,95.06446075439453,100.0999984741211,101.16000366210938,99.30000305175781,99.87000274658203,14333700
2023-08-02,90.2874984741211,95.06999969482422,97.73999786376953,94.55999755859375,97.72000122070312,19452300
2023-08-03,92.67123413085938,97.58000183105469,98.48999786376953,96.58000183105469,96.70999908447266,15370900
2023-08-04,92.02545166015625,96.9000015258789,98.48999786376953,96.69000244140625,97.73500061035156,13477300
2023-08-07,91.70254516601562,96.55999755859375,97.80000305175781,95.02999877929688,97.77999877929688,13893900
2023-08-08,89.48027038574219,94.22000122070312,94.4800033569336,92.9219970703125,93.51000213623047,13504700
2023-08-09,90.07856750488281,94.8499984741211,96.30000305175781,94.08000183105469,96.0250015258789,18640100
2023-08-10,94.21923828125,99.20999908447266,101.83999633789062,97.12000274658203,98.30999755859375,53193100
2023-08-11,90.9048080444336,95.72000122070312,97.6500015258789,94.33999633789062,97.33999633789062,25222800
2023-08-14,88.75849151611328,93.45999908447266,94.44999694824219,92.52999877929688,94.23999786376953,17581000
2023-08-15,86.98255920410156,91.58999633789062,93.01000213623047,90.74500274658203,93.0,14756300
2023-08-16,84.63682556152344,89.12000274658203,90.5,88.29000091552734,89.62999725341797,23292400
2023-08-17,86.08985137939453,90.6500015258789,91.94999694824219,90.26000213623047,91.94000244140625,15732300
2023-08-18,83.60164642333984,88.02999877929688,88.36000061035156,86.86000061035156,87.77999877929688,20424800
2023-08-21,84.11448669433594,88.56999969482422,88.81999969482422,87.22000122070312,87.5999984741211,14167300
2023-08-22,83.64913940429688,88.08000183105469,89.48999786376953,87.86000061035156,89.27999877929688,11577600
2023-08-23,85.32059478759766,89.83999633789062,90.58999633789062,88.30999755859375,88.37000274658203,12185700
2023-08-24,84.6273193359375,89.11000061035156,90.91999816894531,89.04000091552734,90.48999786376953,10684500
2023-08-25,85.30160522460938,89.81999969482422,90.04000091552734,88.2699966430664,89.25,11382200
2023-08-28,87.59986877441406,92.23999786376953,92.7699966430664,91.29000091552734,91.5,14613800
2023-08-29,89.2998275756836,94.02999877929688,94.09500122070312,92.33999633789062,93.44999694824219,16928000
2023-08-30,88.93893432617188,93.6500015258789,94.25,92.47000122070312,92.55000305175781,13779900
2023-08-31,88.22666931152344,92.9000015258789,93.36000061035156,92.16000366210938,92.9800033569336,13332400
2023-09-01,90.23052978515625,95.01000213623047,96.68000030517578,94.5199966430664,94.55000305175781,17470400
2023-09-05,89.88863372802734,94.6500015258789,95.39199829101562,94.06999969482422,94.52999877929688,10097600
2023-09-06,89.69869232177734,94.44999694824219,95.80000305175781,94.12999725341797,94.1500015258789,10123600
2023-09-07,85.44406127929688,89.97000122070312,91.76000213623047,88.95500183105469,91.63999938964844,18667200
2023-09-08,85.5200424194336,90.05000305175781,90.30000305175781,88.7300033569336,89.5999984741211,10333300
2023-09-11,84.24744415283203,88.70999908447266,90.3499984741211,87.70999908447266,89.7300033569336,15773500
2023-09-12,83.85807800292969,88.30000305175781,89.95999908447266,88.18000030517578,88.19000244140625,10262500
2023-09-13,83.23126983642578,87.63999938964844,88.29000091552734,87.38200378417969,87.94000244140625,10634900
2023-09-14,83.57316589355469,88.0,88.5999984741211,87.44000244140625,88.55000305175781,8643100
2023-09-15,82.68994903564453,87.06999969482422,88.22000122070312,86.81999969482422,87.7699966430664,10147700
2023-09-18,82.64246368408203,87.0199966430664,87.16999816894531,85.3949966430664,86.1500015258789,9291600
2023-09-19,82.7279281616211,87.11000061035156,87.87999725341797,86.08000183105469,86.12000274658203,9247000
2023-09-20,81.42684173583984,85.73999786376953,87.5,85.6500015258789,86.97000122070312,9228200
2023-09-21,79.87884521484375,84.11000061035156,84.7750015258789,83.76000213623047,83.86000061035156,10638900
2023-09-22,83.85807800292969,88.30000305175781,88.875,87.11000061035156,87.36499786376953,22469600
2023-09-25,82.83240509033203,87.22000122070312,87.2699966430664,85.7699966430664,85.87999725341797,9897200
2023-09-26,81.58830261230469,85.91000366210938,87.06999969482422,85.69999694824219,86.45999908447266,9666600
2023-09-27,81.85421752929688,86.19000244140625,86.55000305175781,85.30000305175781,86.37999725341797,7233900
2023-09-28,81.2369155883789,85.54000091552734,85.88999938964844,84.30500030517578,84.88999938964844,10093600
2023-09-29,82.37654876708984,86.73999786376953,87.94999694824219,86.6050033569336,87.29000091552734,9654800
2023-10-02,82.1771011352539,86.52999877929688,87.1050033569336,85.88999938964844,86.75,8209800
2023-10-03,80.2872085571289,84.54000091552734,85.0,83.94999694824219,84.5,11448800
2023-10-04,79.85035705566406,84.08000183105469,84.54000091552734,83.6500015258789,84.2750015258789,8904700
2023-10-05,79.46098327636719,83.66999816894531,83.70999908447266,82.44999694824219,83.5199966430664,10334500
2023-10-06,81.73075103759766,86.05999755859375,86.51499938964844,84.0,84.25,13423700
2023-10-09,80.58162689208984,84.8499984741211,85.20999908447266,83.56999969482422,83.91000366210938,10880000
2023-10-10,82.78491973876953,87.16999816894531,87.73999786376953,85.56999969482422,85.66999816894531,13557800
2023-10-11,83.36422729492188,87.77999877929688,88.7959976196289,87.1449966430664,88.01000213623047,11111500
2023-10-12,80.25873565673828,84.51000213623047,87.66999816894531,84.19999694824219,87.58000183105469,16158100
2023-10-13,79.79337310791016,84.0199966430664,85.48999786376953,83.75,84.05999755859375,10325500
2023-10-16,80.06877899169922,84.30999755859375,84.96499633789062,82.62999725341797,83.69999694824219,10075300
2023-10-17,79.68891906738281,83.91000366210938,84.36000061035156,82.55999755859375,82.75,8270000
2023-10-18,78.83418273925781,83.01000213623047,83.7300033569336,82.76000213623047,82.95999908447266,9321600
2023-10-19,77.50460815429688,81.61000061035156,82.3949966430664,81.11499786376953,81.4800033569336,12624100
2023-10-20,75.91862487792969,79.94000244140625,80.86000061035156,79.78299713134766,80.2300033569336,14636200
2023-10-23,76.45995330810547,80.51000213623047,80.9260025024414,79.0199966430664,79.41999816894531,12715200
2023-10-24,78.70122528076172,82.87000274658203,83.31999969482422,80.44000244140625,80.44999694824219,17925800
2023-10-25,76.95378875732422,81.02999877929688,82.0,80.77999877929688,81.30000305175781,11390200
2023-10-26,78.35933685302734,82.51000213623047,83.08999633789062,81.19999694824219,81.26499938964844,13010400
2023-10-27,78.65373229980469,82.81999969482422,84.12000274658203,82.4800033569336,83.87000274658203,10795600
2023-10-30,78.9576416015625,83.13999938964844,84.23999786376953,83.01100158691406,83.62999725341797,8980500
2023-10-31,78.38782501220703,82.54000091552734,82.54000091552734,80.87999725341797,81.94000244140625,12094300
2023-11-01,78.33084106445312,82.4800033569336,82.48999786376953,81.20999908447266,81.70500183105469,9550000
2023-11-02,79.21406555175781,83.41000366210938,83.9800033569336,83.02999877929688,83.6500015258789,10606300
2023-11-03,81.01847839355469,85.30999755859375,86.08000183105469,84.5,84.94000244140625,15148300
2023-11-06,81.06596374511719,85.36000061035156,86.72000122070312,85.2300033569336,86.55000305175781,9786400
2023-11-07,81.11345672607422,85.41000366210938,85.66000366210938,84.11000061035156,84.86000061035156,8829400
2023-11-08,80.53414154052734,84.80000305175781,85.7300033569336,84.4800033569336,84.62000274658203,8154600
2023-11-09,78.56826782226562,82.7300033569336,84.69000244140625,82.4749984741211,84.58000183105469,10885100
2023-11-10,78.58726501464844,82.75,82.87000274658203,81.66000366210938,82.41000366210938,9779500
2023-11-13,78.12191772460938,82.26000213623047,83.31500244140625,82.08000183105469,82.75,11236900
2023-11-14,79.65091705322266,83.87000274658203,84.53500366210938,82.31999969482422,82.76000213623047,20897600
2023-11-15,82.68994903564453,87.06999969482422,87.83000183105469,85.88999938964844,86.95999908447266,28991000
2023-11-16,75.13037109375,79.11000061035156,80.7699966430664,78.23100280761719,79.5199966430664,63008500
2023-11-17,73.69632720947266,77.5999984741211,78.46600341796875,76.75,77.0199966430664,35497300
2023-11-20,74.51306915283203,78.45999908447266,78.74500274658203,76.55999755859375,76.91000366210938,31506800
2023-11-21,74.96892547607422,78.94000244140625,79.2750015258789,77.5999984741211,77.8499984741211,20525500
2023-11-22,74.9879150390625,78.95999908447266,79.70999908447266,78.12999725341797,79.27999877929688,18958600
2023-11-24,74.54155731201172,78.48999786376953,79.06999969482422,78.20999908447266,78.2699966430664,12251700
2023-11-27,73.62985229492188,77.52999877929688,79.25,77.08999633789062,77.55500030517578,18248200
2023-11-28,72.87959289550781,76.73999786376953,76.83999633789062,75.26000213623047,76.55999755859375,23682200
2023-11-29,70.9137191772461,74.66999816894531,75.45600128173828,74.42500305175781,75.0,30969100
2023-11-30,71.1131591796875,74.87999725341797,74.94000244140625,74.01000213623047,74.69999694824219,17884200
2023-12-01,70.26793670654297,73.98999786376953,74.13999938964844,72.12000274658203,73.12000274658203,27998600
2023-12-04,69.3562240600586,73.02999877929688,73.58000183105469,72.4800033569336,72.66999816894531,21074900
2023-12-05,68.73892211914062,72.37999725341797,72.69999694824219,71.91999816894531,72.04000091552734,19129000
2023-12-06,67.89369201660156,71.48999786376953,72.94999694824219,71.48999786376953,72.36000061035156,30394400
2023-12-07,68.69144439697266,72.33000183105469,72.37000274658203,71.44000244140625,71.54499816894531,18966700
2023-12-08,68.51100158691406,72.13999938964844,72.44000244140625,71.83000183105469,72.0199966430664,16914800
2023-12-11,67.77973937988281,71.37000274658203,71.61000061035156,70.08000183105469,70.48999786376953,19719300
2023-12-12,67.7987289428711,71.38999938964844,71.95500183105469,70.93000030517578,71.37999725341797,14725900
2023-12-13,67.86520385742188,71.45999908447266,71.4800033569336,70.12000274658203,70.91000366210938,21721600
2023-12-14,68.86238098144531,72.51000213623047,73.23999786376953,71.41999816894531,71.47000122070312,25199300
2023-12-15,70.76177978515625,74.51000213623047,75.54499816894531,73.31999969482422,74.0,31327500
2023-12-18,70.12548065185547,73.83999633789062,74.2300033569336,73.20999908447266,74.05000305175781,17233500
2023-12-19,71.59750366210938,75.38999938964844,76.01000213623047,74.22000122070312,74.4000015258789,20939300
2023-12-20,70.59654235839844,73.3499984741211,75.29499816894531,73.33000183105469,74.58000183105469,27540200
2023-12-21,73.3973159790039,76.26000213623047,76.29000091552734,74.3499984741211,74.86000061035156,20812100
2023-12-22,72.4541015625,75.27999877929688,75.68000030517578,74.44000244140625,74.5,20004300
2023-12-26,73.00270080566406,75.8499984741211,76.96900177001953,75.7300033569336,76.16000366210938,13121300
2023-12-27,73.25293731689453,76.11000061035156,76.44999694824219,75.41000366210938,76.27999877929688,14904500
2023-12-28,74.34052276611328,77.23999786376953,77.79000091552734,76.9800033569336,77.2300033569336,18937900
2023-12-29,74.60038757324219,77.51000213623047,77.63500213623047,76.81999969482422,77.05999755859375,14094600
2024-01-02,71.95361328125,74.76000213623047,76.07499694824219,74.51000213623047,76.05000305175781,21739600
2024-01-03,73.71492004394531,76.58999633789062,76.69000244140625,74.06999969482422,74.33000183105469,24444600
2024-01-04,71.85737609863281,74.66000366210938,75.7249984741211,74.44000244140625,75.55999755859375,18454900
2024-01-05,70.2693099975586,73.01000213623047,74.0,72.86000061035156,74.0,21725200
2024-01-08,70.1441879272461,72.87999725341797,73.05999755859375,70.91999816894531,71.25,22000000
2024-01-09,69.31647491455078,72.0199966430664,72.12000274658203,70.95999908447266,71.25,21451800
2024-01-10,68.72937774658203,71.41000366210938,71.7750015258789,71.04499816894531,71.37999725341797,19540000
2024-01-11,69.66295623779297,72.37999725341797,73.12999725341797,71.52999877929688,72.54499816894531,18095300
2024-01-12,69.14322662353516,71.83999633789062,73.43000030517578,71.80999755859375,72.58999633789062,16147300
2024-01-16,66.85256958007812,69.45999908447266,70.53099822998047,69.30000305175781,70.12999725341797,27606900
2024-01-17,66.34246826171875,68.93000030517578,69.0,67.26000213623047,67.72000122070312,22684400
2024-01-18,65.49549865722656,68.05000305175781,69.08000183105469,68.0,68.5999984741211,19307000
2024-01-19,66.81407165527344,69.41999816894531,69.90499877929688,66.91999816894531,67.19999694824219,34547700
2024-01-22,66.05372619628906,68.62999725341797,68.73799896240234,66.62999725341797,67.27999877929688,27294200
2024-01-23,71.24139404296875,74.0199966430664,74.5,72.55000305175781,72.75499725341797,53017700
2024-01-24,72.3770980834961,75.19999694824219,75.62000274658203,74.22000122070312,75.28500366210938,36503300
2024-01-25,71.07777404785156,73.8499984741211,75.5,73.55999755859375,75.19000244140625,23268600
2024-01-26,71.23177337646484,74.01000213623047,74.72000122070312,72.91999816894531,73.0999984741211,19418200
2024-01-29,70.81791687011719,73.58000183105469,74.80999755859375,72.83000183105469,74.66999816894531,17537400
2024-01-30,69.60520935058594,72.31999969482422,73.06500244140625,72.08499908447266,72.45999908447266,17089600
2024-01-31,69.4608383178711,72.16999816894531,72.94000244140625,71.49500274658203,71.49500274658203,15743600
2024-02-01,69.73995208740234,72.45999908447266,73.47000122070312,72.12000274658203,73.15499877929688,14445800
2024-02-02,69.1528549194336,71.8499984741211,72.2300033569336,71.05000305175781,72.12999725341797,18824200
2024-02-05,71.82849884033203,74.62999725341797,75.1500015258789,71.86000061035156,72.16999816894531,27721000
2024-02-06,75.29336547851562,78.2300033569336,78.33999633789062,75.7300033569336,77.04499816894531,39069100
2024-02-07,70.87565612792969,73.63999938964844,76.16999816894531,73.1500015258789,74.55500030517578,53766300
2024-02-08,68.12301635742188,70.77999877929688,73.19999694824219,70.6500015258789,71.88500213623047,33070600
2024-02-09,69.31647491455078,72.0199966430664,72.08499908447266,70.0,70.80000305175781,18998400
2024-02-12,70.3944320678711,73.13999938964844,74.12999725341797,72.30999755859375,72.30999755859375,18151100
2024-02-13,68.91223907470703,71.5999984741211,73.02999877929688,71.41999816894531,71.95999908447266,13560600
2024-02-14,70.63504791259766,73.38999938964844,73.41000366210938,72.2300033569336,72.30999755859375,12817500
2024-02-15,71.04890441894531,73.81999969482422,74.13999938964844,73.08499908447266,73.22000122070312,12078100
2024-02-16,71.13552856445312,73.91000366210938,75.37000274658203,73.9000015258789,74.86000061035156,16393300
2024-02-20,70.3944320678711,73.13999938964844,73.66999816894531,72.18000030517578,73.45999908447266,14353300
2024-02-21,72.74283599853516,75.58000183105469,76.38999938964844,74.06999969482422,74.4800033569336,23475500
2024-02-22,73.2625732421875,76.12000274658203,76.37999725341797,75.0,75.0999984741211,14836600
2024-02-23,73.10856628417969,75.95999908447266,76.93499755859375,75.1500015258789,76.4800033569336,12301700
2024-02-26,73.63792419433594,76.51000213623047,76.56999969482422,75.33999633789062,75.62000274658203,13973100
2024-02-27,74.76400756835938,77.68000030517578,78.05000305175781,77.25,77.52999877929688,14490200
2024-02-28,71.79000091552734,74.58999633789062,76.18000030517578,74.44999694824219,76.0199966430664,16905300
2024-02-29,71.25102233886719,74.02999877929688,75.04000091552734,73.80000305175781,74.68000030517578,12549200
2024-03-01,71.8188705444336,74.62000274658203,75.08999633789062,74.37000274658203,74.4800033569336,11980100
2024-03-04,69.29722595214844,72.0,73.7300033569336,71.69999694824219,73.7300033569336,19550100
2024-03-05,69.3646011352539,72.06999969482422,72.70999908447266,71.04000091552734,71.25,15804500
2024-03-06,70.94303131103516,73.70999908447266,74.72000122070312,73.61000061035156,74.19999694824219,19785300
2024-03-07,69.81695556640625,72.54000091552734,72.75800323486328,71.76000213623047,72.5999984741211,12374700
2024-03-08,70.7890396118164,73.55000305175781,73.76000213623047,72.76000213623047,72.80999755859375,16430400
2024-03-11,72.04986572265625,74.86000061035156,76.05999755859375,74.55000305175781,74.62999725341797,13510400
2024-03-12,73.2048110961914,76.05999755859375,76.4800033569336,75.21499633789062,75.87000274658203,13314700
2024-03-13,73.52242279052734,76.38999938964844,77.44999694824219,75.94000244140625,75.94000244140625,15319800
2024-03-14,70.64466857910156,73.4000015258789,75.38999938964844,73.2300033569336,75.23500061035156,18923500
2024-03-15,70.6639175415039,73.41999816894531,74.12999725341797,73.38999938964844,73.57499694824219,10233700
2024-03-18,70.76016235351562,73.5199966430664,74.0199966430664,73.33000183105469,73.41999816894531,8542500
2024-03-19,70.6639175415039,73.41999816894531,73.73500061035156,72.8499984741211,73.08000183105469,8164200
2024-03-20,71.39539337158203,74.18000030517578,74.33000183105469,73.30000305175781,73.55000305175781,11123200
2024-03-21,71.05852508544922,73.83000183105469,74.73999786376953,73.7699966430664,74.30000305175781,11860700
2024-03-22,69.4223403930664,72.12999725341797,72.62000274658203,72.04000091552734,72.4800033569336,12771500
2024-03-25,68.77749633789062,71.45999908447266,72.48999786376953,71.36000061035156,71.94000244140625,12422100
2024-03-26,68.79674530029297,71.4800033569336,71.87000274658203,71.08999633789062,71.83999633789062,10881900
2024-03-27,68.9026107788086,71.58999633789062,71.69000244140625,70.58300018310547,70.88999938964844,13281300
2024-03-28,69.64371490478516,72.36000061035156,72.58999633789062,72.05500030517578,72.08000183105469,14073400
2024-04-01,70.61579895019531,73.37000274658203,73.58200073242188,72.80999755859375,73.23999786376953,14311700
2024-04-02,70.1441879272461,72.87999725341797,73.13999938964844,72.51000213623047,72.56999969482422,17290400
2024-04-03,69.72071075439453,72.44000244140625,72.87000274658203,72.11000061035156,72.41999816894531,11777900
2024-04-04,69.24909973144531,71.94999694824219,73.2300033569336,71.9000015258789,72.9800033569336,11087100
2024-04-05,68.9699935913086,71.66000366210938,72.0250015258789,71.41000366210938,71.68000030517578,12260300
2024-04-08,69.01811218261719,71.70999908447266,72.38999938964844,71.55999755859375,71.95999908447266,10560000
2024-04-09,70.25005340576172,72.98999786376953,73.23999786376953,72.30999755859375,72.37000274658203,14060400
2024-04-10,71.79000091552734,74.58999633789062,75.16999816894531,73.73999786376953,74.44499969482422,20572200
2024-04-11,72.04023742675781,74.8499984741211,75.43000030517578,74.37000274658203,75.21499633789062,14986800
2024-04-12,68.61387634277344,71.29000091552734,72.9800033569336,71.29000091552734,72.94000244140625,18231400
2024-04-15,67.96903228759766,70.62000274658203,72.05000305175781,70.16999816894531,71.7300033569336,15903900
2024-04-16,66.99694061279297,69.61000061035156,70.30699920654297,69.29000091552734,70.0199966430664,17478900
2024-04-17,66.2365951538086,68.81999969482422,70.01000213623047,68.7249984741211,69.70999908447266,12760600
2024-04-18,66.29434204101562,68.87999725341797,69.625,68.80000305175781,69.08999633789062,9491000
2024-04-19,66.47721099853516,69.06999969482422,69.1500015258789,68.36000061035156,68.41999816894531,13084100
2024-04-22,68.02677917480469,70.68000030517578,70.9000015258789,69.12000274658203,69.69499969482422,15015600
2024-04-23,69.78807830810547,72.51000213623047,72.80000305175781,70.98999786376953,71.08000183105469,15268200
2024-04-24,71.82849884033203,74.62999725341797,74.69999694824219,73.5,73.73999786376953,16375200
2024-04-25,72.29048156738281,75.11000061035156,75.19999694824219,73.80500030517578,73.80500030517578,11921900
2024-04-26,72.71395874023438,75.55000305175781,76.93000030517578,75.05999755859375,76.18499755859375,14216100
2024-04-29,73.54168701171875,76.41000366210938,76.52999877929688,75.22000122070312,75.6500015258789,13076400
2024-04-30,72.04023742675781,74.8499984741211,76.29000091552734,74.4800033569336,75.88999938964844,12856000
2024-05-01,72.67546844482422,75.51000213623047,76.25,74.87000274658203,74.98999786376953,10549100
2024-05-02,77.31452941894531,80.33000183105469,81.41500091552734,77.16000366210938,77.58999633789062,36663900
2024-05-03,78.27698516845703,81.33000183105469,81.37000274658203,79.69999694824219,81.2699966430664,19355800
2024-05-06,78.48873138427734,81.55000305175781,82.22000122070312,80.5,81.75499725341797,11826100
2024-05-07,76.39056396484375,79.37000274658203,79.93000030517578,78.81500244140625,79.93000030517578,14589100
2024-05-08,75.51472473144531,78.45999908447266,78.98999786376953,77.80999755859375,77.91999816894531,11327100
2024-05-09,76.47718048095703,79.45999908447266,79.91999816894531,78.70999908447266,79.5,9627300
2024-05-10,77.03541564941406,80.04000091552734,80.5199966430664,79.7699966430664,80.08000183105469,10819600
2024-05-13,81.42424011230469,84.5999984741211,85.0,82.5999984741211,82.70999908447266,32010700
2024-05-14,76.52530670166016,79.51000213623047,80.51000213623047,77.72000122070312,79.6500015258789,44687700
2024-05-15,77.94975280761719,80.98999786376953,81.12999725341797,79.77999877929688,80.38999938964844,17803300
2024-05-16,83.44540405273438,86.69999694824219,87.48999786376953,81.64600372314453,81.95999908447266,47259500
2024-05-17,85.21633911132812,88.54000091552734,90.45999908447266,86.83000183105469,87.5999984741211,35152900
2024-05-20,84.96609497070312,88.27999877929688,89.23999786376953,86.94999694824219,87.47000122070312,16737200
2024-05-21,82.89679718017578,86.12999725341797,87.16999816894531,85.31999969482422,86.5199966430664,16512400
2024-05-22,79.57630920410156,82.68000030517578,85.12999725341797,82.68000030517578,84.61000061035156,19717800
2024-05-23,77.76688385009766,80.80000305175781,82.94000244140625,80.05000305175781,81.43000030517578,23930300
2024-05-24,78.2096176147461,81.26000213623047,82.55999755859375,79.7300033569336,80.5,41456400
2024-05-28,77.55514526367188,80.58000183105469,81.72000122070312,80.04000091552734,80.80000305175781,15211800
2024-05-29,76.09220123291016,79.05999755859375,79.36000061035156,78.2300033569336,78.76000213623047,18448500
2024-05-30,76.64080047607422,79.62999725341797,80.19999694824219,78.69999694824219,78.86499786376953,13875900
2024-05-31,75.39922332763672,78.33999633789062,78.5,77.16999816894531,77.95999908447266,20023900
2024-06-03,74.97574615478516,77.9000015258789,79.31999969482422,77.22000122070312,79.0,14244400
2024-06-04,75.50509643554688,78.44999694824219,78.85700225830078,77.7750015258789,78.18000030517578,10784400
2024-06-05,76.83329772949219,79.83000183105469,79.93499755859375,78.86000061035156,78.9800033569336,13716200
2024-06-06,77.00653839111328,80.01000213623047,80.05500030517578,78.76000213623047,79.41999816894531,11205300
2024-06-07,75.46660614013672,78.41000366210938,79.31999969482422,78.13500213623047,78.94999694824219,12190300
2024-06-10,76.32319641113281,79.30000305175781,79.73999786376953,78.23999786376953,78.56999969482422,9475200
2024-06-11,74.97574615478516,77.9000015258789,79.08000183105469,77.66999816894531,79.0,11108400
2024-06-12,75.1104965209961,78.04000091552734,78.79000091552734,77.63999938964844,78.75,12069600
2024-06-13,74.42212677001953,75.68000030517578,76.98999786376953,75.48999786376953,76.5,14026700
2024-06-14,72.13085174560547,73.3499984741211,74.29000091552734,73.26000213623047,74.20999908447266,18282700
2024-06-17,73.3109130859375,74.55000305175781,75.08000183105469,73.83000183105469,74.0250015258789,13466300
2024-06-18,73.22240447998047,74.45999908447266,75.0999984741211,73.8499984741211,74.08499908447266,10305300
2024-06-20,73.1142349243164,74.3499984741211,75.2490005493164,74.02999877929688,74.56999969482422,9709400
2024-06-21,72.4455337524414,73.66999816894531,74.6500015258789,73.66999816894531,73.79000091552734,10183400
2024-06-24,73.54692077636719,74.79000091552734,75.93499755859375,74.12000274658203,74.12000274658203,20134400
2024-06-25,72.56354522705078,73.79000091552734,74.76000213623047,73.61000061035156,74.5,16914100
2024-06-26,72.93722534179688,74.16999816894531,74.3499984741211,73.66999816894531,73.92500305175781,7010100
2024-06-27,71.16714477539062,72.37000274658203,73.55000305175781,72.3499984741211,73.45999908447266,11865100
2024-06-28,70.80329132080078,72.0,72.55500030517578,71.80000305175781,72.37000274658203,10335000
2024-07-01,70.98030090332031,72.18000030517578,73.0199966430664,72.0199966430664,72.51000213623047,9034200
2024-07-02,72.45536804199219,73.68000030517578,73.7770004272461,71.97000122070312,72.31999969482422,13419100
2024-07-03,74.31395721435547,75.56999969482422,75.80500030517578,74.18000030517578,74.18000030517578,11768500
2024-07-05,73.28140258789062,74.5199966430664,74.71499633789062,73.61000061035156,74.66999816894531,14928700
2024-07-08,72.27835845947266,73.5,73.70999908447266,72.94999694824219,73.61000061035156,10919400
2024-07-09,74.4417953491211,75.69999694824219,76.05999755859375,73.97000122070312,74.01000213623047,14458100
2024-07-10,74.74664306640625,76.01000213623047,76.65499877929688,75.25,75.27999877929688,12235200
2024-07-11,77.21492004394531,78.5199966430664,78.83000183105469,77.4219970703125,77.66000366210938,18896900
2024-07-12,78.32614135742188,79.6500015258789,81.01000213623047,79.42500305175781,80.30000305175781,14857200
2024-07-15,76.7134017944336,78.01000213623047,78.5999984741211,77.44999694824219,78.08999633789062,12614900
2024-07-16,77.0772476196289,78.37999725341797,78.58000183105469,76.9800033569336,77.29000091552734,12304500
2024-07-17,75.759521484375,77.04000091552734,77.94999694824219,76.48999786376953,77.86000061035156,10815500
2024-07-18,75.26783752441406,76.54000091552734,78.31999969482422,76.36499786376953,77.36000061035156,11108600
2024-07-19,74.01893615722656,75.2699966430664,76.04499816894531,75.18000030517578,75.66000366210938,7557300
2024-07-22,75.36617279052734,76.63999938964844,77.19000244140625,76.26000213623047,76.83000183105469,9166800
2024-07-23,74.83514404296875,76.0999984741211,76.31999969482422,75.44000244140625,75.67500305175781,7997100
2024-07-24,74.5401382446289,75.80000305175781,77.05999755859375,75.72000122070312,76.1500015258789,7924700
2024-07-25,74.14678192138672,75.4000015258789,76.21499633789062,75.12999725341797,75.37000274658203,8172600
2024-07-26,75.25799560546875,76.52999877929688,76.7699966430664,74.55000305175781,75.26000213623047,10884500
2024-07-29,77.31326293945312,78.62000274658203,79.4000015258789,78.20500183105469,78.45999908447266,17364100
2024-07-30,76.70356750488281,78.0,78.79000091552734,77.69999694824219,78.22000122070312,8431900
2024-07-31,77.53943634033203,78.8499984741211,80.01499938964844,78.33999633789062,79.33000183105469,12178600
2024-08-01,76.68390655517578,77.9800033569336,79.36000061035156,77.83999633789062,78.7699966430664,8559600
2024-08-02,76.16270446777344,77.44999694824219,77.47000122070312,75.76499938964844,76.79000091552734,10808700
2024-08-05,75.70052337646484,76.9800033569336,77.25499725341797,73.87000274658203,74.02999877929688,16143300
2024-08-06,76.60523223876953,77.9000015258789,78.8499984741211,76.51000213623047,76.51000213623047,12128900
2024-08-07,76.53639221191406,77.83000183105469,78.94000244140625,77.45999908447266,78.91999816894531,9693900
2024-08-08,78.97517395019531,80.30999755859375,80.30999755859375,78.75,78.8499984741211,14004300
2024-08-09,78.66049194335938,79.98999786376953,80.22000122070312,79.19499969482422,79.97000122070312,7755900
2024-08-12,79.56520080566406,80.91000366210938,81.5,80.2300033569336,80.58999633789062,12127700
2024-08-13,79.75203704833984,81.0999984741211,81.4000015258789,80.68000030517578,80.96499633789062,9365700
2024-08-14,78.14913177490234,79.47000122070312,80.9800033569336,78.06999969482422,80.55000305175781,18058100
2024-08-15,78.21797180175781,79.54000091552734,81.87999725341797,77.73999786376953,77.9000015258789,31619400
2024-08-16,81.79747009277344,83.18000030517578,84.16000366210938,81.9800033569336,82.05000305175781,25249200
2024-08-19,82.51534271240234,83.91000366210938,84.9000015258789,83.48999786376953,83.9800033569336,14751000
2024-08-20,79.69303894042969,81.04000091552734,82.5999984741211,80.7750015258789,82.45999908447266,17880100
2024-08-21,82.14165496826172,83.52999877929688,83.80000305175781,81.70999908447266,81.8499984741211,14690000
2024-08-22,81.58112335205078,82.95999908447266,83.79000091552734,81.83000183105469,83.5,9729000
2024-08-23,83.99040985107422,85.41000366210938,85.79000091552734,84.36000061035156,84.9000015258789,17318000
2024-08-26,80.40107727050781,81.76000213623047,82.30500030517578,80.37000274658203,81.88999938964844,29321700
2024-08-27,80.09622192382812,81.44999694824219,82.6500015258789,81.2699966430664,82.2699966430664,9026100
2024-08-28,78.29664611816406,79.62000274658203,81.27999877929688,79.20500183105469,81.125,14024400
2024-08-29,79.67337036132812,81.0199966430664,81.46499633789062,80.45999908447266,81.23999786376953,14154200
2024-08-30,81.9548110961914,83.33999633789062,84.75,82.58000183105469,84.72000122070312,20027300
2024-09-03,80.90259552001953,82.2699966430664,83.0199966430664,81.69999694824219,81.77999877929688,11638200
2024-09-04,81.09927368164062,82.47000122070312,83.4000015258789,82.30000305175781,82.87000274658203,11114100
2024-09-05,81.0599365234375,82.43000030517578,83.01000213623047,82.0,82.1050033569336,8461000
2024-09-06,79.8307113647461,81.18000030517578,82.62000274658203,81.16999816894531,82.12000274658203,11712700
2024-09-09,80.08639526367188,81.44000244140625,81.625,80.31999969482422,80.93000030517578,10434400
2024-09-10,82.40716552734375,83.80000305175781,84.30000305175781,82.71499633789062,83.80000305175781,15327800
2024-09-11,83.40037536621094,84.80999755859375,84.83999633789062,83.5,83.57499694824219,11551700
2024-09-12,84.06907653808594,85.48999786376953,85.68000030517578,84.86000061035156,85.02999877929688,10775000
2024-09-13,83.28237915039062,84.69000244140625,84.88999938964844,83.81999969482422,84.38999938964844,8985500
2024-09-16,82.21048736572266,83.5999984741211,84.37999725341797,83.26000213623047,84.03500366210938,11298200
2024-09-17,83.29220581054688,84.69999694824219,85.7699966430664,84.62999725341797,84.81999969482422,10113900
2024-09-18,83.01686096191406,84.41999816894531,85.0,84.04000091552734,84.8499984741211,7858800
2024-09-19,87.01921081542969,88.48999786376953,88.56500244140625,86.94999694824219,87.625,18618400
2024-09-20,86.82254028320312,88.29000091552734,89.5199966430664,88.05000305175781,89.22000122070312,12277000
2024-09-23,88.59261322021484,90.08999633789062,91.1500015258789,89.31999969482422,89.47000122070312,19744100
2024-09-24,95.57461547851562,97.19000244140625,97.5,94.4000015258789,96.06999969482422,47423200
2024-09-25,93.87336730957031,95.45999908447266,96.18000030517578,94.05999755859375,94.37999725341797,18816600
2024-09-26,103.32363891601562,105.06999969482422,105.97000122070312,101.76000213623047,102.69000244140625,67261600
2024-09-27,105.54607391357422,107.33000183105469,109.43000030517578,105.7300033569336,105.97000122070312,50075200
2024-09-30,104.35618591308594,106.12000274658203,112.22000122070312,106.1050033569336,111.72000122070312,58561500
2024-10-01,110.86615753173828,112.73999786376953,112.79000091552734,106.1500015258789,106.41999816894531,44505000
2024-10-02,113.33443450927734,115.25,116.56999969482422,112.22000122070312,115.30999755859375,53732800
2024-10-03,110.96449279785156,112.83999633789062,114.08999633789062,110.62999725341797,110.9000015258789,29267000
2024-10-04,112.62640380859375,114.52999877929688,115.7300033569336,113.75,115.66500091552734,25644200
2024-10-07,115.56670379638672,117.5199966430664,117.81999969482422,113.37000274658203,117.44999694824219,38404000
2024-10-08,107.85701751708984,109.68000030517578,110.76000213623047,108.04000091552734,110.0999984741211,37414400
2024-10-09,106.09676361083984,107.88999938964844,109.37999725341797,105.62000274658203,105.80000305175781,28793000
2024-10-10,107.46366119384766,109.27999877929688,110.83999633789062,107.4800033569336,108.9800033569336,19736600
2024-10-11,108.30937194824219,110.13999938964844,111.05000305175781,107.22000122070312,108.05000305175781,18042600
2024-10-14,106.01809692382812,107.80999755859375,110.08000183105469,106.91999816894531,108.30999755859375,21351600
2024-10-15,100.14732360839844,101.83999633789062,104.41000366210938,101.63999938964844,103.98999786376953,28942600
2024-10-16,100.47183990478516,102.16999816894531,103.8499984741211,101.77999877929688,102.50499725341797,16432600
2024-10-17,98.40674591064453,100.06999969482422,101.44999694824219,99.55000305175781,101.25,15808200
2024-10-18,100.7275161743164,102.43000030517578,103.36499786376953,101.66000366210938,103.36499786376953,20824600
2024-10-21,99.2327880859375,100.91000366210938,101.6500015258789,100.11499786376953,100.4749984741211,10328600
2024-10-22,98.7902603149414,100.45999908447266,101.88999938964844,99.80000305175781,100.01000213623047,20650100
2024-10-23,96.37114715576172,98.0,100.22000122070312,97.73500061035156,100.16500091552734,13638200
2024-10-24,94.75840759277344,96.36000061035156,97.41000366210938,95.5199966430664,96.79000091552734,13602900
2024-10-25,95.80078887939453,97.41999816894531,98.9000015258789,97.05000305175781,98.30000305175781,16977100
2024-10-28,98.26907348632812,99.93000030517578,101.05000305175781,98.77999877929688,99.02999877929688,16044400
2024-10-29,98.17073059082031,99.83000183105469,101.44999694824219,99.52999877929688,101.44999694824219,13685400
2024-10-30,97.05950927734375,98.69999694824219,99.80000305175781,97.58000183105469,98.21499633789062,10179900
2024-10-31,96.35148620605469,97.9800033569336,98.0999984741211,96.75499725341797,97.80000305175781,8379300
2024-11-01,95.9581298828125,97.58000183105469,98.30000305175781,97.41999816894531,98.22000122070312,8501000
2024-11-04,96.7645034790039,98.4000015258789,99.87999725341797,98.36000061035156,98.81999969482422,8681900
2024-11-05,97.56103515625,99.20999908447266,101.08999633789062,98.95500183105469,99.97000122070312,10804200
2024-11-06,95.12226104736328,96.7300033569336,97.31999969482422,94.76000213623047,95.80000305175781,18162900
2024-11-07,98.47557830810547,100.13999938964844,101.0999984741211,99.18000030517578,99.26000213623047,16340400
2024-11-08,92.62447357177734,94.19000244140625,96.37999725341797,93.69000244140625,96.11000061035156,24879800
2024-11-11,93.83403015136719,95.41999816894531,96.80000305175781,95.04499816894531,96.16000366210938,12556700
2024-11-12,90.25453186035156,91.77999877929688,93.33000183105469,91.02999877929688,92.68000030517578,21641900
2024-11-13,90.47087097167969,92.0,92.87000274658203,91.27999877929688,92.55000305175781,12874500
2024-11-14,89.07447814941406,90.58000183105469,91.55500030517578,90.01000213623047,90.88999938964844,16946800
2024-11-15,87.11754608154297,88.58999633789062,90.69999694824219,87.2300033569336,90.19999694824219,31018300
2024-11-18,87.86492156982422,89.3499984741211,89.5,87.8499984741211,88.9000015258789,13482000
2024-11-19,85.66214752197266,87.11000061035156,87.94000244140625,86.81800079345703,87.16000366210938,19289000
2024-11-20,85.32779693603516,86.7699966430664,87.54000091552734,86.5,87.04000091552734,15174500
2024-11-21,84.15758514404297,85.58000183105469,87.04000091552734,85.44499969482422,86.9800033569336,15869200
2024-11-22,81.74829864501953,83.12999725341797,83.68000030517578,82.63500213623047,83.5999984741211,24999200
2024-11-25,84.15758514404297,85.58000183105469,85.875,83.75,84.25,15120100
2024-11-26,83.76422882080078,85.18000030517578,86.08000183105469,84.86000061035156,85.81500244140625,10241500
2024-11-27,85.15078735351562,86.58999633789062,87.54000091552734,86.47000122070312,86.97000122070312,13607600
2024-11-29,85.91783142089844,87.37000274658203,87.48999786376953,85.97000122070312,86.41999816894531,7553500
2024-12-02,84.52143096923828,85.94999694824219,87.0,85.2699966430664,86.94000244140625,16537200
2024-12-03,84.25592041015625,85.68000030517578,86.63999938964844,85.37999725341797,86.00499725341797,13660700
2024-12-04,83.51838684082031,84.93000030517578,85.98999786376953,84.2699966430664,85.94999694824219,13613700
2024-12-05,82.75135040283203,84.1500015258789,85.0999984741211,83.92500305175781,84.79499816894531,12979600
2024-12-06,84.50176239013672,85.93000030517578,86.69000244140625,85.9000015258789,86.01000213623047,11751500
2024-12-09,90.78555297851562,92.31999969482422,94.12000274658203,91.83000183105469,92.01000213623047,32767300
2024-12-10,88.33694458007812,89.83000183105469,90.55999755859375,89.49500274658203,89.78500366210938,13859200
2024-12-11,87.5010757446289,88.9800033569336,89.16500091552734,88.0,88.8949966430664,9866000
2024-12-12,87.74691772460938,89.2300033569336,90.0,88.48999786376953,89.03500366210938,9951200
2024-12-13,86.3603515625,87.81999969482422,88.38999938964844,87.23999786376953,88.19000244140625,11608600
2024-12-16,84.62960052490234,86.05999755859375,86.91899871826172,85.87000274658203,85.95999908447266,13216600
2024-12-17,85.70148468017578,87.1500015258789,87.5999984741211,85.4000015258789,85.5,13288700
2024-12-18,83.58721923828125,85.0,87.22000122070312,84.8280029296875,86.39099884033203,11319500
2024-12-19,82.90868377685547,84.30999755859375,85.38999938964844,84.23999786376953,85.0,13795100
2024-12-20,80.91242980957031,82.27999877929688,83.0,81.69999694824219,82.20999908447266,21270500
2024-12-23,83.72489166259766,85.13999938964844,85.30999755859375,82.7699966430664,82.8499984741211,20055100
2024-12-24,84.09857177734375,85.5199966430664,85.88999938964844,85.0,85.69999694824219,5235400
2024-12-26,84.6492691040039,86.08000183105469,87.2699966430664,85.55999755859375,85.72000122070312,12008600
2024-12-27,83.6462173461914,85.05999755859375,85.2699966430664,84.29000091552734,84.88999938964844,8629400
2024-12-30,82.73168182373047,84.12999725341797,84.94999694824219,83.52999877929688,84.16999816894531,10731000
2024-12-31,83.3807144165039,84.79000091552734,85.3499984741211,84.41999816894531,84.41999816894531,7415000
2025-01-02,83.53804779052734,84.94999694824219,85.43000030517578,84.19999694824219,84.38999938964844,10635700
2025-01-03,84.11824798583984,85.54000091552734,85.55000305175781,84.76000213623047,85.0999984741211,7689500
2025-01-06,84.09857177734375,85.5199966430664,87.36000061035156,85.08000183105469,86.55000305175781,18077100
2025-01-07,83.07586669921875,84.4800033569336,85.11000061035156,83.77999877929688,84.30500030517578,11144100
2025-01-08,82.29899597167969,83.69000244140625,83.79000091552734,82.72000122070312,83.08999633789062,9661800
2025-01-10,79.19151306152344,80.52999877929688,82.25,80.4000015258789,82.25,15393900
2025-01-13,79.20134735107422,80.54000091552734,81.08000183105469,80.05999755859375,80.1500015258789,10726600
2025-01-14,80.32240295410156,81.68000030517578,82.6500015258789,81.48999786376953,82.38999938964844,8773700
2025-01-15,81.06977081298828,82.44000244140625,82.79000091552734,82.1500015258789,82.62999725341797,11655700
2025-01-16,81.0599365234375,82.43000030517578,82.58999633789062,81.81999969482422,82.0199966430664,7566500
2025-01-17,83.70523071289062,85.12000274658203,85.58999633789062,83.02999877929688,83.19999694824219,21132400
2025-01-21,83.96089935302734,85.37999725341797,86.9000015258789,84.91999816894531,86.87000274658203,17099500
2025-01-22,84.96395111083984,86.4000015258789,86.54000091552734,84.41999816894531,85.0,10354800
2025-01-23,84.66893768310547,86.0999984741211,86.19999694824219,84.95999908447266,85.80000305175781,9225600
2025-01-24,87.65840911865234,89.13999938964844,89.19000244140625,86.4800033569336,86.70999908447266,18791000
2025-01-27,88.49427795410156,89.98999786376953,91.43000030517578,89.22000122070312,90.58999633789062,25999800
2025-01-28,94.43389129638672,96.02999877929688,96.43000030517578,89.9000015258789,90.94000244140625,31296300
2025-01-29,95.1124267578125,96.72000122070312,101.27999877929688,96.44999694824219,99.38999938964844,75053000
2025-01-30,101.03236389160156,102.73999786376953,103.66500091552734,97.13999938964844,97.30000305175781,45929000
2025-01-31,97.19718170166016,98.83999633789062,102.5,98.0,102.0,36416400
2025-02-03,96.97100830078125,98.61000061035156,101.87000274658203,96.06999969482422,96.50499725341797,29282900
2025-02-04,100.64884948730469,102.3499984741211,103.61000061035156,99.68000030517578,100.58999633789062,29877500
2025-02-05,97.62987518310547,99.27999877929688,101.81999969482422,99.02999877929688,100.16500091552734,17017900
2025-02-06,98.71158599853516,100.37999725341797,101.73999786376953,99.86499786376953,101.25,12774600
2025-02-07,101.78956604003906,103.51000213623047,107.51000213623047,103.0,104.45999908447266,39538200
2025-02-10,109.46975708007812,111.31999969482422,111.6500015258789,106.69999694824219,107.31999969482422,42429400
2025-02-11,110.90548706054688,112.77999877929688,115.54000091552734,111.0,113.95999908447266,55001300
2025-02-12,116.36324310302734,118.33000183105469,119.80999755859375,114.96499633789062,115.81999969482422,44024700
2025-02-13,117.55313110351562,119.54000091552734,119.56999969482422,114.76000213623047,115.33000183105469,34429300
2025-02-14,122.65687561035156,124.7300033569336,126.80000305175781,120.49500274658203,126.58999633789062,52729800
2025-02-18,124.79080200195312,126.9000015258789,129.02000427246094,125.61000061035156,127.73999786376953,42152800
2025-02-19,123.69925689697266,125.79000091552734,127.69999694824219,124.94999694824219,126.0,35155200
2025-02-20,133.71005249023438,135.97000122070312,144.50999450683594,131.41000366210938,137.80999755859375,118849000
2025-02-21,141.36074829101562,143.75,145.3000030517578,141.10000610351562,141.60000610351562,73892100
2025-02-24,126.89522552490234,129.0399932861328,135.8000030517578,128.44000244140625,135.8000030517578,74118300
2025-02-25,131.78262329101562,134.00999450683594,134.47000122070312,130.75,132.7899932861328,38881100
2025-02-26,136.7683563232422,139.0800018310547,141.9499969482422,138.2899932861328,140.0,40543000
2025-02-27,134.28041076660156,136.5500030517578,140.10499572753906,135.8699951171875,138.6750030517578,23859400
2025-02-28,130.30755615234375,132.50999450683594,133.9499969482422,130.13999938964844,130.9499969482422,24862600
2025-03-03,128.6358184814453,130.80999755859375,134.71499633789062,129.55999755859375,134.00999450683594,22528000
2025-03-04,127.69178009033203,129.85000610351562,132.10000610351562,126.0999984741211,129.60000610351562,25366500
2025-03-05,138.68594360351562,141.02999877929688,141.8300018310547,133.33999633789062,134.3699951171875,37284600
2025-03-06,137.6239013671875,139.9499969482422,144.75999450683594,138.08999633789062,142.1999969482422,35482100
2025-03-07,138.2827606201172,140.6199951171875,145.36000061035156,139.3800048828125,142.9199981689453,31904400
2025-03-10,130.33705139160156,132.5399932861328,137.9499969482422,131.0,135.9949951171875,33484200
2025-03-11,136.70936584472656,139.02000427246094,141.33299255371094,136.0399932861328,138.16000366210938,29094800
2025-03-12,134.86061096191406,137.13999938964844,138.9499969482422,135.27999877929688,138.40499877929688,23880900
2025-03-13,136.05050659179688,138.35000610351562,140.27999877929688,134.33999633789062,134.77000427246094,20516300
2025-03-14,138.75479125976562,141.10000610351562,141.82000732421875,139.4499969482422,141.35000610351562,17381900
2025-03-17,145.11724853515625,147.57000732421875,148.42999267578125,140.02999877929688,140.16000366210938,33897000
2025-03-18,140.36753845214844,142.74000549316406,146.8699951171875,142.5,146.3800048828125,20950100
2025-03-19,140.81988525390625,143.1999969482422,145.1999969482422,141.8699951171875,145.07000732421875,16333800
2025-03-20,134.63442993164062,136.91000366210938,138.99000549316406,136.3699951171875,137.1750030517578,23646800
2025-03-21,132.8938446044922,135.13999938964844,136.47000122070312,133.3000030517578,133.99000549316406,13970300
2025-03-24,132.24481201171875,134.47999572753906,136.42999267578125,133.6300048828125,136.3300018310547,14019000
2025-03-25,130.54356384277344,132.75,136.2449951171875,132.35000610351562,132.94000244140625,17943400
2025-03-26,130.04205322265625,132.24000549316406,134.66000366210938,131.1300048828125,133.52999877929688,15933500
2025-03-27,133.37570190429688,135.6300048828125,137.78500366210938,132.8800048828125,133.4499969482422,16688300
2025-03-28,130.2288818359375,132.42999267578125,134.2100067138672,131.39999389648438,133.5,13271500
2025-03-31,130.03221130371094,132.22999572753906,132.8699951171875,128.0,130.02999877929688,12183800
2025-04-01,130.49440002441406,132.6999969482422,134.10000610351562,131.52999877929688,132.75,11627500
2025-04-02,127.63275909423828,129.7899932861328,132.8300018310547,129.14999389648438,131.9600067138672,21240900
2025-04-03,127.180419921875,129.3300018310547,130.6699981689453,125.5,125.6449966430664,30607600
2025-04-04,114.60299682617188,116.54000091552734,118.87000274658203,111.30000305175781,117.56999969482422,57154500
2025-04-07,104.21851348876953,105.9800033569336,114.12000274658203,102.63999938964844,106.62000274658203,61386600
2025-04-08,97.7183837890625,99.37000274658203,109.0,97.75,108.26000213623047,52100200
2025-04-09,103.03845977783203,104.77999877929688,107.04000091552734,95.7300033569336,100.5999984741211,74981900
2025-04-10,102.44843292236328,104.18000030517578,108.44999694824219,101.37000274658203,106.86000061035156,53133400
2025-04-11,105.9394302368164,107.7300033569336,108.04399871826172,102.19000244140625,104.77999877929688,40522800
2025-04-14,112.07571411132812,113.97000122070312,116.0,111.69999694824219,111.87000274658203,32926100
2025-04-15,110.41380310058594,112.27999877929688,114.0,111.47000122070312,113.77999877929688,16172300
2025-04-16,104.97571563720703,106.75,108.97000122070312,105.94999694824219,108.17500305175781,18031600
2025-04-17,107.06047821044922,108.87000274658203,111.51499938964844,108.41999816894531,110.83499908447266,17885000
2025-04-21,108.31920623779297,110.1500015258789,110.2300033569336,107.2699966430664,108.7300033569336,12145700
2025-04-22,113.95396423339844,115.87999725341797,117.43000030517578,113.01000213623047,114.36000061035156,27662400
2025-04-23,116.99260711669922,118.97000122070312,123.80999755859375,118.75,119.58999633789062,25762800
2025-04-24,117.30728912353516,119.29000091552734,119.33999633789062,117.58000183105469,117.93499755859375,13696000
2025-04-25,118.28083038330078,120.27999877929688,120.48999786376953,118.2699966430664,118.58000183105469,9306400
2025-04-28,116.40258026123047,118.37000274658203,120.66999816894531,117.29000091552734,119.5,10748000
2025-04-29,116.90409851074219,118.87999725341797,119.87999725341797,117.69000244140625,117.7300033569336,8295500
2025-04-30,117.44496154785156,119.43000030517578,119.94000244140625,118.19000244140625,119.08999633789062,10144800
2025-05-01,118.52667999267578,120.52999877929688,121.44999694824219,119.36000061035156,120.19000244140625,8690200
2025-05-02,123.66975402832031,125.76000213623047,126.62000274658203,124.25,126.00499725341797,18092500
2025-05-05,124.4662857055664,126.56999969482422,127.12999725341797,124.70999908447266,125.0,9868800
2025-05-06,125.53817749023438,127.66000366210938,129.72999572753906,127.48500061035156,128.4550018310547,17919700
2025-05-07,121.18180847167969,123.2300033569336,124.96499633789062,122.91000366210938,124.91000366210938,15979200
2025-05-08,123.69925689697266,125.79000091552734,126.81500244140625,124.16999816894531,125.3499984741211,10846800
2025-05-09,123.24690246582031,125.33000183105469,127.7699966430664,125.19000244140625,126.98999786376953,11172200
2025-05-12,130.34689331054688,132.5500030517578,134.07000732421875,132.3000030517578,133.8699951171875,22631700
2025-05-13,129.46185302734375,131.64999389648438,133.031005859375,130.1999969482422,131.0,16123600
2025-05-14,131.82196044921875,134.0500030517578,134.50999450683594,132.64999389648438,134.0749969482422,18278300
2025-05-15,121.84066772460938,123.9000015258789,126.31999969482422,122.6500015258789,126.23999786376953,35442800
2025-05-16,121.4079818725586,123.45999908447266,126.0999984741211,123.30999755859375,125.77999877929688,20090000
2025-05-19,120.91629028320312,122.95999908447266,123.05999755859375,120.0,120.18000030517578,11197000
2025-05-20,123.07972717285156,125.16000366210938,125.22000122070312,124.1500015258789,124.29000091552734,11790000
2025-05-21,121.53581237792969,123.58999633789062,126.05999755859375,122.7699966430664,125.44999694824219,8521400
2025-05-22,119.46089172363281,121.4800033569336,122.16999816894531,120.91999816894531,121.48999786376953,7820900
2025-05-23,118.72335815429688,120.7300033569336,121.04199981689453,119.28399658203125,119.58000183105469,7163400
2025-05-27,117.53346252441406,119.5199966430664,120.00499725341797,118.88999938964844,119.875,8544500
2025-05-28,114.79966735839844,116.73999786376953,117.91999816894531,116.51000213623047,117.44999694824219,11707700
2025-05-29,115.23236083984375,117.18000030517578,119.33999633789062,116.69999694824219,119.03500366210938,12356300
2025-05-30,111.94786834716797,113.83999633789062,115.06999969482422,111.5999984741211,115.01000213623047,17213200
2025-06-02,112.8427505493164,114.75,115.4000015258789,113.65899658203125,114.9000015258789,13147200
2025-06-03,113.05908966064453,114.97000122070312,115.80999755859375,114.41500091552734,115.37999725341797,14008900
2025-06-04,117.46463012695312,119.44999694824219,120.0,116.66000366210938,116.81500244140625,18115500
2025-06-05,117.96614837646484,119.95999908447266,121.55000305175781,119.13999938964844,120.94999694824219,15332200
2025-06-06,117.39579010009766,119.37999725341797,119.7699966430664,118.22000122070312,119.0,9753200
2025-06-09,119.46089172363281,121.4800033569336,122.15499877929688,120.12000274658203,121.08999633789062,10410600
2025-06-10,119.85424041748047,121.87999725341797,122.16000366210938,119.87999725341797,120.61499786376953,8892800
2025-06-11,118.33000183105469,120.33000183105469,123.45999908447266,120.05000305175781,122.62999725341797,10443100
2025-06-12,116.62000274658203,116.62000274658203,117.55000305175781,115.94999694824219,117.5199966430664,10204500
2025-06-13,112.87000274658203,112.87000274658203,114.77999877929688,112.26899719238281,113.66999816894531,13355100
2025-06-16,115.95999908447266,115.95999908447266,116.9000015258789,114.87000274658203,114.9800033569336,10242900
2025-06-17,115.02999877929688,115.02999877929688,116.61000061035156,115.02999877929688,115.94000244140625,10205700
2025-06-18,113.48999786376953,113.48999786376953,114.30000305175781,113.0199966430664,113.63999938964844,14002300
2025-06-20,113.01000213623047,113.01000213623047,114.427001953125,112.62200164794922,114.11000061035156,12737300
2025-06-23,113.08999633789062,113.08999633789062,113.08999633789062,111.26000213623047,112.11499786376953,12536500
2025-06-24,117.01000213623047,117.01000213623047,117.31999969482422,113.62000274658203,114.61499786376953,17125100
2025-06-25,114.55000305175781,114.55000305175781,117.44999694824219,114.16999816894531,117.19999694824219,12835500
2025-06-26,113.93000030517578,113.93000030517578,114.19999694824219,113.37999725341797,114.0999984741211,8388000
2025-06-27,114.08000183105469,114.08000183105469,115.5,113.31999969482422,114.37000274658203,12355500
2025-06-30,113.41000366210938,113.41000366210938,113.48999786376953,111.4000015258789,112.45999908447266,10457300
2025-07-01,113.97000122070312,113.97000122070312,114.79000091552734,112.73999786376953,112.94999694824219,9243200
2025-07-02,110.70999908447266,110.70999908447266,111.81999969482422,110.37000274658203,111.56999969482422,13843800
2025-07-03,108.69999694824219,108.69999694824219,109.08000183105469,107.94999694824219,108.33499908447266,11847200
2025-07-07,106.2699966430664,106.2699966430664,108.19999694824219,105.94000244140625,107.43000030517578,17446200
2025-07-08,107.98999786376953,107.98999786376953,109.12999725341797,107.91000366210938,108.76499938964844,11319900
2025-07-09,103.83000183105469,103.83000183105469,105.5250015258789,103.70999908447266,105.4800033569336,24609300
2025-07-10,106.63999938964844,106.63999938964844,106.76000213623047,104.41400146484375,105.13999938964844,13554500
2025-07-11,106.72000122070312,106.72000122070312,107.41999816894531,106.30000305175781,106.91000366210938,10774600
2025-07-14,108.22000122070312,108.22000122070312,108.80000305175781,107.19000244140625,107.6449966430664,13231300
2025-07-15,116.97000122070312,116.97000122070312,117.21499633789062,113.2040023803711,114.65499877929688,34785400
2025-07-16,115.7300033569336,115.7300033569336,116.02999877929688,114.04000091552734,115.5,14439000
2025-07-17,117.30000305175781,117.30000305175781,118.19999694824219,114.86000061035156,115.04000091552734,14573600
2025-07-18,120.2300033569336,120.2300033569336,122.16000366210938,119.7699966430664,121.37999725341797,26787700
2025-07-21,120.2699966430664,120.2699966430664,122.30999755859375,118.25,119.51000213623047,17937600
2025-07-22,120.70999908447266,120.70999908447266,121.83999633789062,119.0,120.44000244140625,11551500
2025-07-23,122.58000183105469,122.58000183105469,123.86499786376953,121.4000015258789,122.79499816894531,12874200
2025-07-24,121.1500015258789,121.1500015258789,123.98999786376953,120.44999694824219,121.8499984741211,11378400
2025-07-25,120.02999877929688,120.02999877929688,120.4800033569336,119.33999633789062,120.19000244140625,7060600
2025-07-28,122.1500015258789,122.1500015258789,123.44999694824219,121.52999877929688,122.02999877929688,11207400
2025-07-29,119.36000061035156,119.36000061035156,122.87000274658203,119.05000305175781,122.48999786376953,13599700
2025-07-30,117.37999725341797,117.37999725341797,119.58999633789062,116.83999633789062,119.04499816894531,12794100
2025-07-31,120.62999725341797,120.62999725341797,121.33999633789062,117.5199966430664,117.81999969482422,13650400
2025-08-01,117.06999969482422,117.06999969482422,118.37000274658203,116.11000061035156,118.05999755859375,12424300
2025-08-04,117.5,117.5,119.48999786376953,116.86000061035156,118.3499984741211,7272100
2025-08-05,117.04000091552734,117.04000091552734,118.6500015258789,116.87000274658203,118.0999984741211,5885600
2025-08-06,120.86000061035156,120.86000061035156,121.29000091552734,117.7699966430664,118.87999725341797,12079600
2025-08-07,120.95999908447266,120.95999908447266,122.27999877929688,119.5999984741211,121.33999633789062,9480600
2025-08-08,120.36000061035156,120.36000061035156,120.69999694824219,118.65499877929688,119.31999969482422,9763600
2025-08-11,118.63999938964844,118.63999938964844,121.30000305175781,118.12000274658203,120.43000030517578,12072000
2025-08-12,122.41999816894531,122.41999816894531,122.79000091552734,118.0999984741211,118.80999755859375,11939800
2025-08-13,126.86000061035156,126.86000061035156,127.93000030517578,125.08000183105469,126.69000244140625,19362500
2025-08-14,122.27999877929688,122.27999877929688,123.93000030517578,121.33999633789062,123.7300033569336,15045600
2025-08-15,121.26000213623047,121.26000213623047,122.18900299072266,120.68000030517578,120.9800033569336,11141800
2025-08-18,121.4000015258789,121.4000015258789,123.1500015258789,120.9000015258789,121.91999816894531,8550400
2025-08-19,119.98999786376953,119.98999786376953,122.58000183105469,119.98999786376953,121.58000183105469,8106100
2025-08-20,119.48999786376953,119.48999786376953,120.80999755859375,118.66999816894531,119.91999816894531,7095800
2025-08-21,118.08999633789062,118.08999633789062,119.2699966430664,117.51000213623047,117.87999725341797,8231200
2025-08-22,122.94000244140625,122.94000244140625,123.4000015258789,120.27999877929688,120.4749984741211,13855300
2025-08-25,124.3499984741211,124.3499984741211,126.7300033569336,123.5,125.18000030517578,12888400
2025-08-26,124.19000244140625,124.19000244140625,126.0,123.72000122070312,125.29499816894531,8706100
2025-08-27,122.2300033569336,122.2300033569336,122.51499938964844,120.79000091552734,121.19999694824219,13833100
2025-08-28,119.56999969482422,119.56999969482422,121.25,117.5999984741211,119.52999877929688,14501100
2025-08-29,135.0,135.0,136.64999389648438,128.50999450683594,128.8800048828125,82165100
2025-09-02,138.5500030517578,138.5500030517578,138.8300018310547,133.05999755859375,134.47000122070312,41625400
2025-09-03,136.4499969482422,136.4499969482422,137.77000427246094,135.5800018310547,136.6999969482422,16470500
2025-09-04,130.9199981689453,130.9199981689453,134.25,130.05999755859375,133.16000366210938,24730900
2025-09-05,135.5800018310547,135.5800018310547,135.61000061035156,132.6999969482422,135.02999877929688,19202500
2025-09-08,141.1999969482422,141.1999969482422,141.22000122070312,138.7689971923828,139.8800048828125,20095300
2025-09-09,147.10000610351562,147.10000610351562,148.0,144.64999389648438,145.39999389648438,32792300
2025-09-10,143.92999267578125,143.92999267578125,145.9199981689453,143.22999572753906,145.4199981689453,21079900
2025-09-11,155.44000244140625,155.44000244140625,156.8489990234375,147.86000061035156,148.1199951171875,50089200
2025-09-12,155.05999755859375,155.05999755859375,155.4600067138672,152.05999755859375,154.07000732421875,20903300
2025-09-15,158.0399932861328,158.0399932861328,159.6999969482422,156.72999572753906,159.08999633789062,23567200
2025-09-16,162.2100067138672,162.2100067138672,163.0,157.58999633789062,158.36000061035156,26017700
2025-09-17,166.1699981689453,166.1699981689453,167.32000732421875,163.25999450683594,166.0,29344300
2025-09-18,162.47999572753906,162.47999572753906,164.7899932861328,161.3000030517578,162.5,19529600
2025-09-19,162.80999755859375,162.80999755859375,166.25,162.61000061035156,164.69000244140625,18183200
2025-09-22,164.25,164.25,167.43499755859375,163.02999877929688,163.75999450683594,18667700
2025-09-23,163.0800018310547,163.0800018310547,167.8300018310547,162.8000030517578,165.00999450683594,18278600
2025-09-24,176.44000244140625,176.44000244140625,180.16000366210938,175.0,175.97999572753906,52642300
2025-09-25,175.47000122070312,175.47000122070312,175.77000427246094,170.43499755859375,173.39999389648438,20712200
2025-09-26,171.91000366210938,171.91000366210938,172.75999450683594,169.6999969482422,172.1699981689453,15971100
2025-09-29,179.89999389648438,179.89999389648438,181.343994140625,177.58999633789062,178.0800018310547,21576300
2025-09-30,178.72999572753906,178.72999572753906,182.14999389648438,177.10000610351562,181.66000366210938,18681500
2025-10-01,182.77999877929688,182.77999877929688,183.0800018310547,178.8699951171875,179.97999572753906,14966900
2025-10-02,189.33999633789062,189.33999633789062,192.6699981689453,188.3000030517578,188.5800018310547,23687800
2025-10-03,188.02999877929688,188.02999877929688,191.07000732421875,187.13499450683594,190.72000122070312,13990900
2025-10-06,187.22000122070312,187.22000122070312,189.61000061035156,186.30999755859375,186.5,10973500
2025-10-07,181.3300018310547,181.3300018310547,188.66000366210938,180.44000244140625,187.40499877929688,16942200
2025-10-08,181.1199951171875,181.1199951171875,182.08999633789062,177.3000030517578,180.7899932861328,15883700
2025-10-09,173.67999267578125,173.67999267578125,178.77999877929688,172.3000030517578,178.52000427246094,21211600
2025-10-10,159.00999450683594,159.00999450683594,172.92999267578125,157.25,170.02999877929688,50296800
2025-10-13,166.80999755859375,166.80999755859375,168.7899932861328,165.02999877929688,167.77999877929688,25703100
2025-10-14,162.86000061035156,162.86000061035156,166.5,160.0,160.0500030517578,18583200
2025-10-15,165.91000366210938,165.91000366210938,168.10000610351562,164.60000610351562,168.07000732421875,15337400
2025-10-16,165.08999633789062,165.08999633789062,168.3000030517578,164.4600067138672,166.52000427246094,10979700
2025-10-17,167.0500030517578,167.0500030517578,169.10000610351562,161.14999389648438,161.75999450683594,17765700
2025-10-20,173.47000122070312,173.47000122070312,174.97000122070312,165.7899932861328,167.2899932861328,20120500
2025-10-21,166.6699981689453,166.6699981689453,170.94000244140625,166.4199981689453,170.52000427246094,15662500
2025-10-22,165.86000061035156,165.86000061035156,169.6699981689453,163.5800018310547,167.0,15016500
2025-10-23,171.89999389648438,171.89999389648438,173.24000549316406,168.31700134277344,168.97000122070312,12792100
2025-10-24,174.6999969482422,174.6999969482422,176.44000244140625,173.36199951171875,174.39999389648438,11841000
2025-10-27,179.4499969482422,179.4499969482422,180.0,177.6199951171875,179.74000549316406,12580800
2025-10-28,176.72000122070312,176.72000122070312,179.3800048828125,175.24000549316406,177.47999572753906,11906900
2025-10-29,179.97000122070312,179.97000122070312,182.5,178.08999633789062,180.2949981689453,12068900
2025-10-30,173.92999267578125,173.92999267578125,176.3800048828125,173.77999877929688,174.32000732421875,10756300
2025-10-31,170.42999267578125,170.42999267578125,171.4499969482422,168.1199951171875,170.52999877929688,13181400
2025-11-03,167.69000244140625,167.69000244140625,168.94000244140625,165.5800018310547,168.30999755859375,9702300
2025-11-04,164.3000030517578,164.3000030517578,166.5,162.1999969482422,162.60000610351562,9693100
2025-11-05,164.82000732421875,164.82000732421875,166.8800048828125,163.60000610351562,164.39999389648438,8631400
2025-11-06,167.61000061035156,167.61000061035156,170.5500030517578,165.52000427246094,169.0,12438900
2025-11-07,166.33999633789062,166.33999633789062,166.3800048828125,161.21600341796875,162.9600067138672,11581200
2025-11-10,165.88999938964844,165.88999938964844,168.0,163.63999938964844,167.6199951171875,9348700
2025-11-11,160.8000030517578,160.8000030517578,165.5800018310547,160.16000366210938,164.58999633789062,11354400
2025-11-12,157.91000366210938,157.91000366210938,161.19000244140625,156.1999969482422,160.97999572753906,13920800
2025-11-13,159.83999633789062,159.83999633789062,164.0,158.5,164.0,17213000
2025-11-14,153.8000030517578,153.8000030517578,162.6199951171875,151.77999877929688,156.94000244140625,33991000
2025-11-17,157.7100067138672,157.7100067138672,161.02499389648438,156.89999389648438,157.97999572753906,16911400
2025-11-18,159.72000122070312,159.72000122070312,161.27999877929688,156.6999969482422,157.30999755859375,12438900
2025-11-19,158.88999938964844,158.88999938964844,160.97000122070312,158.04100036621094,159.3249969482422,7949900
2025-11-20,153.27999877929688,153.27999877929688,161.38999938964844,153.0,159.0,13466900
2025-11-21,152.92999267578125,152.92999267578125,155.8800048828125,148.63999938964844,151.97999572753906,16240800
2025-11-24,160.72999572753906,160.72999572753906,161.5,158.6999969482422,160.0,21796600
2025-11-25,157.00999450683594,157.00999450683594,166.3699951171875,156.14999389648438,165.1999969482422,27097500
2025-11-26,157.60000610351562,157.60000610351562,161.4600067138672,150.0,159.09500122070312,21453100
2025-11-28,157.3000030517578,157.3000030517578,158.69000244140625,155.67999267578125,156.16000366210938,7185500
2025-12-01,164.25999450683594,164.25999450683594,164.85000610351562,159.41000366210938,160.5,15321200
2025-12-02,161.1300048828125,161.1300048828125,161.72999572753906,159.1199951171875,161.1999969482422,9878500
2025-12-03,158.0800018310547,158.0800018310547,158.4550018310547,156.52999877929688,157.39999389648438,6968000
2025-12-04,157.44000244140625,157.44000244140625,158.8000030517578,156.41000366210938,158.27000427246094,6666300
2025-12-05,158.32000732421875,158.32000732421875,159.49000549316406,157.67999267578125,159.14999389648438,6277100
2025-12-08,158.1300048828125,158.1300048828125,158.74000549316406,156.41299438476562,157.57000732421875,7342000
2025-12-09,155.9600067138672,155.9600067138672,156.60000610351562,154.3000030517578,154.44000244140625,6458100
2025-12-10,158.82000732421875,158.82000732421875,160.74000549316406,157.5,159.63999938964844,10928600
2025-12-11,156.89999389648438,156.89999389648438,157.0500030517578,153.36000061035156,155.14999389648438,8171200
2025-12-12,155.67999267578125,155.67999267578125,158.9499969482422,153.8000030517578,157.76499938964844,6708400
2025-12-15,150.08999633789062,150.08999633789062,153.2050018310547,149.5800018310547,153.17999267578125,11233100
2025-12-16,149.2899932861328,149.2899932861328,149.97000122070312,147.50999450683594,148.9499969482422,9051900
2025-12-17,147.08999633789062,147.08999633789062,151.38999938964844,146.75,150.60000610351562,8271000
2025-12-18,147.32000732421875,147.32000732421875,149.1999969482422,147.11599731445312,148.64999389648438,6597400
2025-12-19,149.7899932861328,149.7899932861328,151.47000122070312,148.8800048828125,149.00999450683594,9004200
2025-12-22,150.9600067138672,150.9600067138672,151.82000732421875,149.1199951171875,150.40499877929688,6779100
2025-12-23,151.22999572753906,151.22999572753906,151.3000030517578,149.27000427246094,150.5749969482422,5373300
2025-12-24,150.05999755859375,150.05999755859375,150.7899932861328,149.91799926757812,150.5,3274200
2025-12-26,152.24000549316406,152.24000549316406,152.97999572753906,150.05999755859375,150.2899932861328,6037200
2025-12-29,148.49000549316406,148.49000549316406,148.75,147.2100067138672,147.72000122070312,8900000
2025-12-30,147.36000061035156,147.36000061035156,149.10000610351562,147.35000610351562,148.83999633789062,6832300
2025-12-31,146.5800018310547,146.5800018310547,147.3699951171875,145.63999938964844,146.69000244140625,6116000
2026-01-02,155.74000549316406,155.74000549316406,156.64999389648438,151.80099487304688,152.6199951171875,15778300
2026-01-05,156.25999450683594,156.25999450683594,156.5500030517578,152.1699981689453,155.77499389648438,14744000
2026-01-06,150.89999389648438,150.89999389648438,155.83999633789062,150.86000061035156,155.22000122070312,12998100
2026-01-07,146.75,146.75,148.3800048828125,146.61000061035156,148.3800048828125,12613200
2026-01-08,154.47000122070312,154.47000122070312,155.2899932861328,145.27000427246094,146.09500122070312,20981700
2026-01-09,150.9600067138672,150.9600067138672,151.57000732421875,148.52000427246094,151.3300018310547,11437900
2026-01-12,166.30999755859375,166.30999755859375,167.69000244140625,157.47000122070312,157.47000122070312,35379000
2026-01-13,167.00999450683594,167.00999450683594,170.67999267578125,164.91000366210938,165.5,18850400
2026-01-14,169.89999389648438,169.89999389648438,172.8000030517578,169.84500122070312,171.57000732421875,17475100
2026-01-15,170.92999267578125,170.92999267578125,173.3000030517578,167.33999633789062,169.64500427246094,12607000
2026-01-16,165.39999389648438,165.39999389648438,169.85000610351562,163.4949951171875,169.77999877929688,18598300
2026-01-20,162.38999938964844,162.38999938964844,166.1750030517578,161.67999267578125,161.8300018310547,9885000
2026-01-21,168.6699981689453,168.6699981689453,169.86500549316406,165.66000366210938,167.5749969482422,11713700
2026-01-22,177.17999267578125,177.17999267578125,181.10000610351562,174.77000427246094,176.42999267578125,32031100
2026-01-23,173.22999572753906,173.22999572753906,175.61000061035156,171.94000244140625,175.43499755859375,13064100
2026-01-26,171.3699951171875,171.3699951171875,172.99000549316406,168.67999267578125,169.7899932861328,10166100
2026-01-27,172.72000122070312,172.72000122070312,176.4600067138672,172.2209930419922,174.0500030517578,8931300
2026-01-28,175.66000366210938,175.66000366210938,177.8699951171875,174.56300354003906,176.25,9001500
2026-01-29,174.25,174.25,180.75,171.60000610351562,178.33999633789062,12062500
2026-01-30,169.55999755859375,169.55999755859375,174.0,169.47000122070312,172.6999969482422,10846100
2026-02-02,168.38999938964844,168.38999938964844,169.55999755859375,167.33999633789062,167.97999572753906,6551800
2026-02-03,163.64999389648438,163.64999389648438,165.35000610351562,160.61000061035156,163.8800048828125,10066600
2026-02-04,159.13999938964844,159.13999938964844,162.85000610351562,156.77999877929688,162.3300018310547,11851400
2026-02-05,157.75999450683594,157.75999450683594,161.47000122070312,156.7100067138672,161.13999938964844,10936700
2026-02-06,162.50999450683594,162.50999450683594,162.86000061035156,159.5,160.4600067138672,10972100
2026-02-09,163.0,163.0,165.02999877929688,160.88999938964844,161.88999938964844,7260500
2026-02-10,166.50999450683594,166.50999450683594,168.2550048828125,162.3000030517578,163.74000549316406,10990000
2026-02-11,164.32000732421875,164.32000732421875,165.1999969482422,161.3800048828125,164.08999633789062,8756900
2026-02-12,158.72999572753906,158.72999572753906,163.3699951171875,156.9600067138672,163.1199951171875,11457800
2026-02-13,155.72999572753906,155.72999572753906,158.11000061035156,152.85499572753906,152.85499572753906,16045600
2026-02-17,155.42999267578125,155.42999267578125,158.1300048828125,153.4600067138672,156.375,6803600
2026-02-18,155.77000427246094,155.77000427246094,157.5,155.57000732421875,156.8800048828125,4506600
2026-02-19,154.27000427246094,154.27000427246094,155.5,153.14999389648438,155.22500610351562,6582500
2026-02-20,154.4499969482422,154.4499969482422,155.49000549316406,150.42999267578125,150.85000610351562,8758700
2026-02-23,152.77999877929688,152.77999877929688,156.3300018310547,152.57000732421875,155.5,6751000
2026-02-24,153.11000061035156,153.11000061035156,153.72999572753906,150.89999389648438,152.10000610351562,6655200
2026-02-25,152.27999877929688,152.27999877929688,153.5500030517578,150.96099853515625,152.8000030517578,5813400
2026-02-26,148.0500030517578,148.0500030517578,149.05999755859375,145.60000610351562,148.35499572753906,10256400
2026-02-27,144.11000061035156,144.11000061035156,146.39999389648438,143.3300018310547,145.4600067138672,9780300
2026-03-02,142.55999755859375,142.55999755859375,143.0,139.05499267578125,139.19000244140625,9428300
2026-03-03,135.58999633789062,135.58999633789062,137.0800018310547,133.39999389648438,136.3800048828125,18476800
2026-03-04,133.27000427246094,133.27000427246094,135.11700439453125,132.72000122070312,134.98500061035156,14293900
2026-03-05,130.35000610351562,130.35000610351562,131.63499450683594,128.60000610351562,129.6999969482422,18612900
2026-03-06,130.7899932861328,130.7899932861328,132.42999267578125,128.8000030517578,129.3000030517578,10957000
2026-03-09,132.63999938964844,132.63999938964844,132.91000366210938,128.5500030517578,130.24000549316406,10072400
2026-03-10,136.85000610351562,136.85000610351562,139.22000122070312,134.55999755859375,135.7100067138672,15264300
2026-03-11,136.2899932861328,136.2899932861328,136.74000549316406,134.82000732421875,135.57000732421875,6685100
2026-03-12,134.1999969482422,134.1999969482422,136.0,133.4499969482422,135.3800048828125,7591800
2026-03-13,135.2100067138672,135.2100067138672,137.1999969482422,134.6999969482422,136.07000732421875,6438400
2026-03-16,136.7100067138672,136.7100067138672,138.8000030517578,136.5,138.8000030517578,9972300
2026-03-17,136.57000732421875,136.57000732421875,138.22000122070312,135.97000122070312,137.875,10005700
2026-03-18,134.42999267578125,134.42999267578125,139.16000366210938,134.3699951171875,138.44500732421875,17158600
2026-03-19,124.9000015258789,124.9000015258789,126.91999816894531,121.16000366210938,123.0199966430664,33440500
2026-03-20,122.41000366210938,122.41000366210938,126.4800033569336,122.08999633789062,125.71499633789062,15479300
2026-03-23,126.05999755859375,126.05999755859375,127.2699966430664,123.0999984741211,123.23999786376953,15583900
2026-03-24,125.4800033569336,125.4800033569336,125.75,123.91999816894531,124.36000061035156,8516200
2026-03-25,129.8699951171875,129.8699951171875,130.64999389648438,128.33999633789062,129.47999572753906,12843000
2026-03-26,125.41000366210938,125.41000366210938,127.05000305175781,124.58999633789062,126.72000122070312,9240000
2026-03-27,122.69000244140625,122.69000244140625,124.44000244140625,122.2300033569336,123.97000122070312,8105000
2026-03-30,121.9800033569336,121.9800033569336,123.77999877929688,121.55000305175781,123.27999877929688,7226700
2026-03-31,125.45999908447266,125.45999908447266,125.77999877929688,121.37999725341797,121.98999786376953,9486100
2026-04-01,123.7300033569336,123.7300033569336,126.38999938964844,123.12000274658203,125.4800033569336,10297400
2026-04-02,122.05000305175781,122.05000305175781,122.8479995727539,120.13999938964844,120.2699966430664,8830200
2026-04-06,122.30999755859375,122.30999755859375,123.6500015258789,121.69999694824219,122.05000305175781,3987600
2026-04-07,119.72000122070312,119.72000122070312,121.9800033569336,117.93000030517578,121.1500015258789,10879200
2026-04-08,125.31999969482422,125.31999969482422,129.33999633789062,124.86000061035156,128.11000061035156,17638100
2026-04-09,127.68000030517578,127.68000030517578,127.77999877929688,123.95999908447266,124.5199966430664,10014600
2026-04-10,127.33000183105469,127.33000183105469,129.75999450683594,127.05000305175781,129.13499450683594,9356300
2026-04-13,128.00999450683594,128.00999450683594,128.08999633789062,125.55000305175781,125.98999786376953,5550200
2026-04-14,131.35000610351562,131.35000610351562,132.8800048828125,128.47000122070312,128.47000122070312,11718500
2026-04-15,133.27999877929688,133.27999877929688,133.60000610351562,131.3699951171875,132.6999969482422,8749500
2026-04-16,138.58999633789062,138.58999633789062,140.89999389648438,135.73500061035156,137.8000030517578,17122200
2026-04-17,141.00999450683594,141.00999450683594,143.77999877929688,139.8800048828125,141.14999389648438,12886500
2026-04-20,140.1699981689453,140.1699981689453,140.92999267578125,138.8730010986328,140.46499633789062,7823300
2026-04-21,135.3800048828125,135.3800048828125,139.25,134.4600067138672,139.25,11388200
2026-04-22,136.4199981689453,136.4199981689453,137.3300018310547,135.3800048828125,136.91000366210938,9258300
2026-04-23,131.6999969482422,131.6999969482422,133.89999389648438,129.61500549316406,133.77999877929688,10749900
2026-04-24,135.82000732421875,135.82000732421875,136.1999969482422,133.0,133.67999267578125,9046800
2026-04-27,132.52000427246094,132.52000427246094,133.40499877929688,132.08999633789062,133.0,6462100
2026-04-28,130.85000610351562,130.85000610351562,130.9199981689453,128.9499969482422,129.5,6088100
2026-04-29,130.42999267578125,130.42999267578125,132.02999877929688,129.9600067138672,131.9499969482422,6386000
2026-04-30,131.8800048828125,131.8800048828125,132.63999938964844,129.35000610351562,130.14999389648438,7416600
2026-05-01,131.5,131.5,133.14999389648438,131.36000061035156,131.7550048828125,6199300
2026-05-04,133.27000427246094,133.27000427246094,136.11500549316406,133.25999450683594,133.97999572753906,8317200
2026-05-05,132.25999450683594,132.25999450683594,134.72000122070312,132.1699981689453,134.625,6919300
2026-05-06,141.44000244140625,141.44000244140625,142.1999969482422,136.74000549316406,137.30499267578125,16932000
2026-05-07,141.78799438476562,141.78799438476562,143.9499969482422,140.8699951171875,143.76499938964844,3191582
